{
    "Mean Squared Error": 12.919992437260351,
    "Mean Absolute Error": 2.6436590111773945,
    "Root Mean Squared Error": 3.5944390991169053,
    "R-squared": 0.22220540046691895,
    "Accuracy": 89.13043478260869
}