{
    "Mean Squared Error": 17.38434410095215,
    "Mean Absolute Error": 3.14386566825535,
    "Root Mean Squared Error": 4.169453693345466,
    "R-squared": 0.046552300453186035,
    "Accuracy": 89.13043478260869
}