{
    "Mean Squared Error": 47.91374969482422,
    "Mean Absolute Error": 5.70591646559695,
    "Root Mean Squared Error": 6.921975851938825,
    "Accuracy": 53.191489361702125
}